昆明机场飞行动态,,,,,
,,,,,2017年06月24日
序号,航班号,机号,"起飞机场/
起飞时刻","经停机场/
起飞时刻",目的机场
1,3U8107,B8329,昆明/1405,/,常州
2,3U8108,B8329,常州/2235,/,昆明
3,3U8129,B6448,昆明/0925,/,版纳
4,3U8130,B6448,版纳/1105,/,昆明
5,3U8206,B1661,广州/0615,/,昆明
6,3U8215,B6953,昆明/1440,/,郑州
7,3U8216,B6953,郑州/1825,/,昆明
8,3U8221,B8499,昆明/1145,/,南宁
9,3U8222,B8499,南宁/1935,/,昆明
10,3U8243,B6956,昆明/1515,/,厦门
11,3U8244,B6956,厦门/1915,/,昆明
12,3U8259,B6772,昆明/1120,/,南京
13,3U8260,B6772,南京/1510,/,昆明
14,3U8513,B6321,昆明/0715,/,重庆
15,3U8514,B6321,重庆/1545,/,昆明
16,3U8527,B6697,昆明/2320,/,西安
17,3U8528,B8500,西安/1950,/,昆明
18,3U8529,B8470,杭州/0900,/,昆明
19,3U8530,B8470,昆明/1305,/,杭州
20,3U8553,B6719,昆明/0845,/,重庆
21,3U8554,B6719,重庆/2235,/,昆明
22,3U8597,B6697,昆明/0745,/,太原
23,3U8598,B6697,太原/1910,/,昆明
24,3U8619,B6175,昆明/2100,/,版纳
25,3U8620,B6449,版纳/2200,/,昆明
26,3U8637,B1661,昆明/1705,/,广州
27,3U8661,B6772,成都/0720,/,昆明
28,3U8662,B1821,昆明/2300,/,成都
29,3U8667,B8325,成都/2125,/,昆明
30,3U8668,B6321,昆明/1820,/,成都
31,3U8669,B6325,昆明/0730,/,成都
32,3U8670,B6325,成都/1710,/,昆明
33,3U8709,B8329,昆明/0850,/,万象
34,3U8710,B8329,万象/1130,/,昆明
35,3U8723,B8499,北京/0720,/,昆明
36,3U8724,B8948,昆明/2150,/,北京
37,3U8761,B6732,昆明/1510,/,无锡
38,3U8762,B6732,无锡/1925,/,昆明
序号,航班号,机号,"起飞机场/
起飞时刻","经停机场/
起飞时刻",目的机场
39,3U8767,B8948,昆明/0700,/,南宁
40,3U8768,B8948,南宁/1440,/,昆明
41,3U8807,B1821,昆明/0750,/,徐州
42,3U8808,B1821,徐州/1705,/,昆明
43,3U8817,B6175,昆明/0730,/,丽江
44,3U8818,B6175,丽江/1440,/,昆明
45,3U8823,B6325,昆明/1945,/,南昌
46,3U8824,B6325,南昌/2300,/,昆明
47,3U8837,B8331,昆明/1415,/,万州
48,3U8838,B8331,万州/1140,/,昆明
49,3U8865,B6956,昆明/0720,/,宁波
50,3U8866,B6956,宁波/1110,/,昆明
51,3U8947,B6732,昆明/0655,/,济南
52,3U8948,B6732,济南/1050,/,昆明
53,3U8967,B6448,昆明/1255,/,重庆
54,3U8968,B6448,重庆/2355,/,昆明
55,8L9545,B5359,昆明/0710,/,太原
56,8L9546,B5359,太原/1335,/,昆明
57,8L9555,B7990,昆明/2310,/,海口
58,8L9556,B5732,海口/0700,/,昆明
59,8L9557,B7990,昆明/0610,/,锦州
60,8L9558,B7990,锦州/1645,/,昆明
61,8L9585,B7167,昆明/0710,/,南宁
62,8L9586,B7167,南宁/2235,/,昆明
63,8L9598,B6800,曼谷/0425,/,昆明
64,8L9623,B6015,昆明/1045,/,杭州
65,8L9624,B6015,杭州/1445,/,昆明
66,8L9643,B5249,昆明/0855,/,芒市
67,8L9644,B5249,芒市/1110,/,昆明
68,8L9647,B8446,昆明/0710,/,淮安
69,8L9648,B8446,淮安/1530,/,昆明
70,8L9651,B1798,昆明/0950,/,郑州
71,8L9652,B7989,郑州/0705,/,昆明
72,8L9679,B7992,昆明/1555,/,PEN
73,8L9680,B7992,PEN/2020,/,昆明
74,8L9685,B6221,昆明/0700,/,凯里
75,8L9686,B6221,凯里/1500,/,昆明
76,8L9689,B5359,昆明/1845,/,合肥
77,8L9690,B5359,合肥/2220,/,昆明
78,8L9697,B5407,昆明/0825,/,普吉
79,8L9698,B5407,普吉/1240,/,昆明
80,8L9711,B5732,昆明/1355,/,桂林
序号,航班号,机号,"起飞机场/
起飞时刻","经停机场/
起飞时刻",目的机场
81,8L9712,B5732,桂林/2150,/,昆明
82,8L9747,B6800,昆明/1415,/,CEB
83,8L9748,B6800,CEB/1915,/,昆明
84,8L9801,B5248,昆明/2255,/,丽江
85,8L9802,B5292,丽江/0800,/,昆明
86,8L9803,B1563,昆明/0715,/,丽江
87,8L9804,B5272,丽江/2100,/,昆明
88,8L9827,B5823,昆明/1105,/,泸沽湖
89,8L9828,B5823,泸沽湖/1255,/,昆明
90,8L9841,B5810,昆明/0900,/,普洱
91,8L9842,B5810,普洱/1035,/,昆明
92,8L9849,B5823,昆明/0705,/,迪庆
93,8L9850,B5823,迪庆/0905,/,昆明
94,8L9855,B7989,昆明/1555,/,绵阳
95,8L9856,B6015,绵阳/0740,/,昆明
96,8L9857,B5248,昆明/1500,/,腾冲
97,8L9858,B5248,腾冲/1650,/,昆明
98,8L9863,B5805,昆明/0700,/,重庆
99,8L9864,B5805,重庆/1550,/,昆明
100,8L9865,B2677,昆明/0710,/,济南
101,8L9866,B2677,济南/1130,/,昆明
102,8L9869,B1586,昆明/1420,/,武汉
103,8L9870,B1586,武汉/2325,/,昆明
104,8L9871,B6959,昆明/1255,/,宜昌
105,8L9872,B6959,宜昌/2230,/,昆明
106,8L9873,B8445,昆明/0700,/,赣州
107,8L9874,B8445,赣州/1425,/,昆明
108,8L9883,B8445,昆明/1800,/,南京
109,8L9884,B8445,南京/2150,/,昆明
110,8L9885,B1588,昆明/0910,/,徐州
111,8L9886,B1588,徐州/2030,/,昆明
112,8L9891,B7991,昆明/1000,/,武汉
113,8L9892,B7991,武汉/2030,/,昆明
114,8L9893,B1586,昆明/0715,/,珠海
115,8L9894,B1586,珠海/1010,/,昆明
116,8L9903,B5823,版纳/2100,/,昆明
117,8L9904,B5823,昆明/1510,/,版纳
118,8L9905,B5810,版纳/0700,/,昆明
119,8L9911,B6198,版纳/0025,/,昆明
120,8L9912,B6198,昆明/2240,/,版纳
121,8L9915,B5292,版纳/1155,/,昆明
122,8L9916,B5292,昆明/1005,/,版纳
序号,航班号,机号,"起飞机场/
起飞时刻","经停机场/
起飞时刻",目的机场
123,8L9931,B5249,昆明/1730,/,芒市
124,8L9933,B5249,昆明/1320,/,腾冲
125,8L9934,B5249,腾冲/1520,/,昆明
126,8L9941,B6198,昆明/0650,/,大理
127,8L9942,B6198,大理/1655,/,昆明
128,8L9945,B5823,昆明/2355,/,成都
129,8L9946,B5825,成都/2350,/,昆明
130,8L9947,B7988,昆明/1025,/,成都
131,8L9948,B7988,成都/1310,/,昆明
132,8L9955,B7988,昆明/2155,/,郑州
133,8L9956,B6809,郑州/1405,/,昆明
134,8L9965,B7992,昆明/0715,/,三亚
135,8L9966,B7992,三亚/1030,/,昆明
136,8L9971,B6221,昆明/1845,/,海口
137,8L9972,B6221,海口/2145,/,昆明
138,8L9973,B5449,昆明/0705,/,郑州
139,8L9974,B5449,郑州/2230,/,昆明
140,8L9979,B2677,昆明/1620,/,深圳
141,8L9980,B2677,深圳/1955,/,昆明
142,8L9985,B1825,昆明/1530,/,太原
143,8L9986,B1825,太原/2245,/,昆明
144,8L9987,B8446,昆明/2130,/,北京
145,8L9993,B6015,昆明/2200,/,西安
146,8L9994,B7988,西安/0625,/,昆明
147,8L9995,B1825,昆明/0745,/,银川
148,8L9996,B1825,银川/1115,/,昆明
149,9C8595,B6852,绵阳/1755,/,昆明
150,9C8596,B6852,昆明/2035,/,绵阳
151,9C8729,B6820,扬州泰州/1445,/,昆明
152,9C8730,B6820,昆明/1840,/,扬州泰州
153,9C8823,B1657,遵义/1415,/,昆明
154,9C8824,B1657,昆明/1635,/,遵义
155,9C8829,B6645,常德/1630,/,昆明
156,9C8830,B6645,昆明/1935,/,常德
157,9C8937,B9986,石家庄/1035,/,昆明
158,9C8938,B9986,昆明/1450,/,石家庄
159,9C8953,B6708,上海/0725,/,昆明
160,9C8954,B6708,昆明/1245,/,上海
161,A67105,B8318,昆明/0940,/,南昌
162,A67106,B8285,南昌/1445,/,昆明
163,A67107,B8285,昆明/1825,/,郑州
164,A67108,B8285,郑州/2245,/,昆明
序号,航班号,机号,"起飞机场/
起飞时刻","经停机场/
起飞时刻",目的机场
165,AK101,,VMKK/1305,/,昆明
166,AK102,,昆明/1740,/,吉隆坡
167,B7289,,高雄/0735,/,昆明
168,B7290,,昆明/1210,/,高雄
169,BK2743,B5573,昆明/1425,/,版纳
170,BK2744,B5573,版纳/1615,/,昆明
171,BK2797,B6026,长沙/0705,/,昆明
172,BK2798,B6026,昆明/1810,/,长沙
173,BK2845,B6026,昆明/1025,/,合肥
174,BK2846,B6026,合肥/1410,/,昆明
175,BK2897,B5573,天津/0945,/,昆明
176,BK2898,B5573,昆明/1820,/,天津
177,CA1401,B1418,天津/1530,/,昆明
178,CA1402,B1418,昆明/2020,/,天津
179,CA1403,B1958,北京/0630,/,昆明
180,CA1404,B1958,昆明/1140,/,北京
181,CA1467,B1528,天津/1240,/,昆明
182,CA1468,B1528,昆明/1720,/,天津
183,CA1481,,运城/1120,/,昆明
184,CA1487,B5213,达县/1215,/,昆明
185,CA1488,B5213,昆明/1510,/,达县
186,CA1751,B6031,杭州/0715,/,昆明
187,CA1752,B8429,昆明/1230,/,杭州
188,CA1753,B6731,杭州/1455,/,昆明
189,CA1754,B6731,昆明/1940,/,杭州
190,CA1937,B9922,上海/1555,/,昆明
191,CA1938,B9922,昆明/2100,/,上海
192,CA1955,B8429,温州/0800,/,昆明
193,CA1956,B6031,昆明/1210,/,温州
194,CA1987,B8337,温州/1730,/,昆明
195,CA1988,B8337,昆明/2205,/,温州
196,CA415,,昆明/0800,/,仰光
197,CA415,B6037,成都/0815,昆明/1050,仰光
198,CA416,,仰光/0800,/,昆明
199,CA416,B6037,仰光/1400,昆明/1720,成都
200,CA4171,B1852,昆明/0725,/,北京
201,CA4172,B1852,北京/1155,/,昆明
202,CA4173,B1852,昆明/1645,/,北京
203,CA4174,B1852,北京/2120,/,昆明
204,CA4175,B1853,昆明/0710,/,沈阳
205,CA4176,B1853,沈阳/1130,/,昆明
206,CA4275,B8338,昆明/1545,/,哈尔滨
序号,航班号,机号,"起飞机场/
起飞时刻","经停机场/
起飞时刻",目的机场
207,CA4276,B8338,哈尔滨/0925,/,昆明
208,CA4413,B6828,成都/1115,/,昆明
209,CA4414,B6828,昆明/1355,/,成都
210,CA4417,B8491,成都/2105,/,昆明
211,CA4418,B6822,昆明/0850,/,成都
212,CA4459,B6847,成都/2155,/,昆明
213,CA4460,B1853,昆明/1825,/,成都
214,CA8929,,郑州/1100,/,昆明
215,CA8930,,昆明/1450,/,郑州
216,CF9017,B2824,昆明/0005,/,南京
217,CF9018,B2824,南京/0600,/,昆明
218,CZ3247,B5300,桂林/1220,/,昆明
219,CZ3248,B5300,昆明/1500,/,桂林
220,CZ3407,B6342,广州/1355,/,昆明
221,CZ3408,B6342,昆明/1735,/,广州
222,CZ3409,B6542,广州/0820,/,昆明
223,CZ3410,B6542,昆明/1155,/,广州
224,CZ3415,B5645,广州/1135,/,昆明
225,CZ3416,B5645,昆明/1500,/,广州
226,CZ3419,B6623,广州/2125,/,昆明
227,CZ3420,B6040,昆明/0735,/,广州
228,CZ3431,B8548,海口/0805,/,昆明
229,CZ3432,B8548,昆明/1055,/,海口
230,CZ3459,B2396,深圳/0800,/,昆明
231,CZ3460,B2396,昆明/1135,/,深圳
232,CZ3467,B6252,长沙/1825,/,昆明
233,CZ3468,B6252,昆明/2130,/,长沙
234,CZ3481,B6209,广州/0700,昆明/1030,大理
235,CZ3482,B6209,大理/1210,昆明/1410,广州
236,CZ3487,B6202,广州/1235,昆明/1615,丽江
237,CZ3488,B6202,丽江/1805,昆明/2010,广州
238,CZ3489,B6292,广州/1830,/,昆明
239,CZ3490,B6292,昆明/2210,/,广州
240,CZ3495,B2696,郑州/1355,/,昆明
241,CZ3496,B2696,昆明/1740,/,郑州
242,CZ3541,B1921,昆明/0755,/,武汉
243,CZ3677,B6702,上海/0740,/,昆明
244,CZ3678,B6702,昆明/1205,/,上海
245,CZ3747,B5676,珠海/1840,/,昆明
246,CZ3748,B5676,昆明/2140,/,珠海
247,CZ3857,B5157,汕头/0840,/,昆明
248,CZ3858,B5157,昆明/1215,/,汕头
序号,航班号,机号,"起飞机场/
起飞时刻","经停机场/
起飞时刻",目的机场
249,CZ3863,B5157,南宁/1835,/,昆明
250,CZ3864,B5157,昆明/2110,/,南宁
251,CZ3901,B5967,北京/0905,/,昆明
252,CZ3902,B5967,昆明/1345,/,北京
253,CZ3997,B6111,北京/1930,/,昆明
254,CZ6159,B6578,北京/1510,/,昆明
255,CZ6160,B6578,昆明/2005,/,北京
256,CZ6269,B8847,西安/1230,/,昆明
257,CZ6270,B8847,昆明/1550,/,西安
258,CZ6293,B1829,太原/1350,/,昆明
259,CZ6294,B1829,昆明/1750,/,太原
260,CZ6347,B2297,昆明/1925,/,丽江
261,CZ6369,B2916,郑州/1300,昆明/1650,版纳
262,CZ6370,B2916,版纳/1855,昆明/2100,郑州
263,CZ6403,B1803,重庆/1305,/,昆明
264,CZ6404,B1803,昆明/1550,/,重庆
265,CZ6415,B6679,西安/1650,/,昆明
266,CZ6416,B6679,昆明/2005,/,西安
267,CZ6425,B1828,武汉/1040,/,昆明
268,CZ6426,B1828,昆明/1355,/,武汉
269,CZ6459,B1606,重庆/1320,/,昆明
270,CZ6460,B1606,昆明/1700,/,重庆
271,CZ6597,B6397,三亚/1750,/,昆明
272,CZ6598,B6397,昆明/2105,/,三亚
273,CZ6601,B5233,郑州/1820,/,昆明
274,CZ6602,B5233,昆明/2210,/,郑州
275,CZ6799,B8848,上海/1450,/,昆明
276,CZ6800,B8848,昆明/1945,/,上海
277,CZ6923,B6355,深圳/1840,/,昆明
278,CZ6924,B6355,昆明/2220,/,深圳
279,CZ6949,B1952,重庆/1505,/,昆明
280,CZ6950,B1952,昆明/1745,/,重庆
281,CZ6977,B2917,武汉/1825,/,昆明
282,CZ6978,B2917,昆明/2150,/,武汉
283,CZ8509,B6583,青岛/1945,/,昆明
284,CZ8510,B6897,昆明/0810,/,青岛
285,DR6501,B6110,昆明/1310,/,芒市
286,DR6502,B6110,芒市/1455,/,昆明
287,DR6503,B6109,昆明/1700,/,芒市
288,DR6504,B6109,芒市/1840,/,昆明
289,DR6505,B5830,昆明/1830,/,芒市
290,DR6506,B5830,芒市/2025,/,昆明
序号,航班号,机号,"起飞机场/
起飞时刻","经停机场/
起飞时刻",目的机场
291,DR6507,B6110,昆明/0910,/,芒市
292,DR6508,B6110,芒市/1050,/,昆明
293,DR6509,B7088,昆明/0840,/,版纳
294,DR6510,B7088,版纳/1035,/,昆明
295,DR6511,B5830,昆明/2240,/,版纳
296,DR6512,B5830,版纳/0030,/,昆明
297,DR6515,B7088,昆明/1330,/,襄阳
298,DR6516,B7088,襄阳/2230,/,昆明
299,DR6521,B1595,昆明/0700,/,成都
300,DR6522,B1595,成都/2250,/,昆明
301,DR6523,B6110,昆明/1710,/,丽江
302,DR6524,B6110,丽江/2255,/,昆明
303,DR6529,B5829,昆明/0735,/,太原
304,DR6530,B5829,太原/1455,/,昆明
305,DR6533,B7867,昆明/0720,/,武汉
306,DR6534,B7865,武汉/2145,/,昆明
307,DR6537,B1597,昆明/1855,/,兰州
308,DR6538,B1597,兰州/2205,/,昆明
309,DR6557,B7866,昆明/1155,/,呼和
310,DR6558,B7866,呼和/2200,/,昆明
311,DR6559,B1593,昆明/1240,/,太原
312,DR6560,B1593,太原/2240,/,昆明
313,DR6569,B1593,昆明/0720,/,北海
314,DR6570,B1593,北海/0945,/,昆明
315,DR6578,B5812,榆林/1910,/,昆明
316,DR6579,B6109,昆明/2040,/,芒市
317,DR6580,B6109,芒市/1350,/,昆明
318,EU2223,B8608,成都/0635,/,昆明
319,EU2224,B8608,昆明/2325,/,成都
320,EU2225,B8608,昆明/1925,/,版纳
321,EU2226,B8608,版纳/2115,/,昆明
322,EU2721,B8608,昆明/0920,/,柳州
323,EU2722,B8608,柳州/1655,/,昆明
324,FD582,,廊曼/0900,/,昆明
325,FD583,,昆明/1320,/,廊曼
326,FM9397,B6866,长沙/1250,/,昆明
327,FM9398,B6866,昆明/1610,/,长沙
328,FM9429,B1720,衡阳/1420,/,昆明
329,FM9430,B1720,昆明/1725,/,衡阳
330,FM9451,B2570,上海/0900,/,昆明
331,FM9452,B2570,昆明/1350,/,上海
332,FM9453,B5261,上海/0815,昆明/1300,版纳
序号,航班号,机号,"起飞机场/
起飞时刻","经停机场/
起飞时刻",目的机场
333,FM9454,B5261,版纳/1445,昆明/1650,上海
334,FM9539,B2688,温州/0740,/,昆明
335,FM9540,B2688,昆明/1200,/,温州
336,FM9541,B5320,郑州/0750,/,昆明
337,FM9542,B5320,昆明/1150,/,郑州
338,FU6509,B1559,福州/1815,/,昆明
339,FU6510,B1559,昆明/2225,/,福州
340,G52627,B7691,南阳/1545,/,昆明
341,G52628,B7691,昆明/1905,/,南阳
342,GJ8661,B8983,贵阳/2320,/,昆明
343,GJ8662,B1868,昆明/0730,/,贵阳
344,GJ8871,B1676,昆明/0810,/,临沂
345,GJ8872,B1676,临沂/1925,/,昆明
346,GJ8881,B8335,杭州/1710,/,昆明
347,GJ8882,B8335,昆明/2125,/,杭州
348,GX8981,B3179,南宁/0830,/,昆明
349,GX8982,B3179,昆明/1100,/,南宁
350,HO1019,B6602,大庸/1650,/,昆明
351,HO1020,B6602,昆明/1945,/,大庸
352,HO1091,B1870,上海/1610,/,昆明
353,HO1092,B1870,昆明/2025,/,上海
354,HO1093,B8236,上海/2105,/,昆明
355,HO1094,B6735,昆明/0740,/,上海
356,HO1095,B8235,毕节/1640,/,昆明
357,HO1096,B8235,昆明/1840,/,毕节
358,HO1099,B8236,上海/1200,/,昆明
359,HO1100,B8236,昆明/1635,/,上海
360,HO1121,B8538,上海/0835,/,昆明
361,HO1122,B8538,昆明/1255,/,上海
362,HU7087,B7399,海口/0740,/,昆明
363,HU7088,B7399,昆明/1035,/,海口
364,HU7111,B5955,北京/1540,/,昆明
365,HU7112,B5955,昆明/2025,/,北京
366,HU7163,B5481,深圳/0755,/,昆明
367,HU7164,B5481,昆明/1125,/,深圳
368,HU7311,B1997,北京/2130,/,昆明
369,JD5155,B1621,丽江/1405,/,昆明
370,JD5156,B1621,昆明/1605,/,丽江
371,JD5165,B6179,丽江/0940,/,昆明
372,JD5166,B6179,昆明/1550,/,丽江
373,JD5789,B8171,版纳/1005,/,昆明
374,JD5790,B8171,昆明/1220,/,版纳
序号,航班号,机号,"起飞机场/
起飞时刻","经停机场/
起飞时刻",目的机场
375,JD5791,B6179,昆明/1145,/,芒市
376,JD5792,B6179,芒市/1340,/,昆明
377,KA760,,香港/1155,/,昆明
378,KA760,,香港/0800,/,昆明
379,KA761,,昆明/1530,/,香港
380,KA761,,昆明/0800,/,香港
381,KE885,,首尔仁川/1830,/,昆明
382,KE886,,昆明/2355,/,首尔仁川
383,KY8205,B5025,昆明/0905,/,济南
384,KY8206,B5025,济南/1955,/,昆明
385,KY8209,B7872,昆明/1255,/,版纳
386,KY8210,B7872,版纳/2220,/,昆明
387,KY8221,B6492,昆明/1725,/,重庆
388,KY8222,B6492,重庆/2005,/,昆明
389,KY8231,B7870,昆明/1640,/,丽江
390,KY8232,B7870,丽江/2345,/,昆明
391,KY8233,B6493,昆明/1355,/,太原
392,KY8234,B5672,太原/2000,/,昆明
393,KY8239,B7089,昆明/1620,/,青岛
394,KY8240,B7089,青岛/2050,/,昆明
395,KY8243,B2678,昆明/1815,/,普洱
396,KY8244,B2678,普洱/1950,/,昆明
397,KY8245,B2679,昆明/1500,/,芒市
398,KY8246,B2679,芒市/1645,/,昆明
399,KY8247,B2678,昆明/2155,/,芒市
400,KY8248,B2678,芒市/2345,/,昆明
401,KY8249,B7871,昆明/2010,/,丽江
402,KY8250,B7871,版纳/2335,/,昆明
403,KY8251,B7872,昆明/0755,/,保山
404,KY8252,B7872,保山/0940,/,昆明
405,KY8253,B6495,昆明/0810,/,西安
406,KY8254,B6495,西安/1120,/,昆明
407,KY8255,B7870,昆明/0850,/,临沧
408,KY8256,B7870,临沧/1055,/,昆明
409,KY8257,B1991,昆明/0825,/,郑州
410,KY8266,B2669,杭州/2055,/,昆明
411,KY8269,B5026,昆明/1910,/,丽江
412,KY8270,B5026,版纳/2255,/,昆明
413,KY8273,B6492,昆明/1020,/,武汉
414,KY8274,B6492,武汉/1340,/,昆明
415,KY8281,B6495,昆明/1440,/,上海
416,KY8282,B6495,上海/1915,/,昆明
序号,航班号,机号,"起飞机场/
起飞时刻","经停机场/
起飞时刻",目的机场
417,KY8283,B7089,昆明/0740,/,上海
418,KY8284,B7089,上海/1155,/,昆明
419,KY8285,B6492,昆明/2240,/,广州
420,KY8286,B6492,广州/0645,/,昆明
421,KY8295,B6491,昆明/0705,/,重庆
422,KY8296,B6491,重庆/1620,/,昆明
423,KY8297,B1926,昆明/0940,/,石家庄
424,KY8298,B1926,石家庄/2010,/,昆明
425,KY8301,B2679,昆明/1840,/,惠州
426,KY8302,B2679,惠州/2130,/,昆明
427,KY8308,B6493,南昌/0940,/,昆明
428,KY8313,B5026,昆明/0800,/,腾冲
429,KY8314,B5026,腾冲/1650,/,昆明
430,KY8315,B7871,昆明/0720,/,腾冲
431,KY8316,B7871,腾冲/1805,/,昆明
432,KY8321,B1507,昆明/0815,/,成都
433,KY8322,B1507,成都/1045,/,昆明
434,KY8333,B7873,昆明/0950,/,西安
435,KY8334,B7873,西安/2145,/,昆明
436,KY8337,B5702,昆明/1040,/,临汾
437,KY8338,B5702,临汾/1400,/,昆明
438,KY8339,B2678,昆明/0810,/,运城
439,KY8340,B2678,运城/1115,/,昆明
440,KY8341,B5673,昆明/0915,/,厦门
441,KY8342,B5673,厦门/1915,/,昆明
442,KY8361,B1507,昆明/1410,/,合艾
443,KY8362,B1507,合艾/1850,/,昆明
444,MF8417,B5319,厦门/1200,/,昆明
445,MF8418,B5319,昆明/1540,/,厦门
446,MF8427,B5846,福州/0805,/,昆明
447,MF8428,B5846,昆明/1220,/,福州
448,MF8429,B5309,厦门/2100,/,昆明
449,MF8430,B5385,昆明/0805,/,厦门
450,MF8461,B5303,武汉/1555,/,昆明
451,MF8462,B5303,昆明/1915,/,武汉
452,MF8475,B5382,福州/1555,/,昆明
453,MF8476,B5552,昆明/2015,/,福州
454,MF8641,B5552,珠海/1705,/,昆明
455,MF8642,B5382,昆明/2010,/,珠海
456,MU2027,B6146,昆明/0815,/,台北
457,MU2028,B6146,台北/1230,/,昆明
458,MU2029,B5515,昆明/1445,/,曼德勒
序号,航班号,机号,"起飞机场/
起飞时刻","经停机场/
起飞时刻",目的机场
459,MU2030,B5795,曼德勒/1315,/,昆明
460,MU2031,B1908,昆明/1355,/,仰光
461,MU2032,B1908,仰光/1725,/,昆明
462,MU2035,B6143,北京/0755,昆明/1300,达卡
463,MU2036,B6143,达卡/1635,昆明/2030,北京
464,MU2143,B5257,太原/0735,/,昆明
465,MU2144,B5257,昆明/1940,/,太原
466,MU2181,B6375,西安/0750,/,昆明
467,MU2182,B6375,昆明/1115,/,西安
468,MU2185,B1641,银川/1515,/,昆明
469,MU2186,B1641,昆明/1905,/,银川
470,MU2205,B1641,银川/0740,/,昆明
471,MU2206,B1641,昆明/1135,/,银川
472,MU2207,B1838,西安/1445,/,昆明
473,MU2208,B1838,昆明/1810,/,西安
474,MU2245,B6693,西宁/1950,/,昆明
475,MU2246,B6693,昆明/2315,/,西宁
476,MU2249,B2209,兰州/0715,/,昆明
477,MU2250,B2209,昆明/1035,/,兰州
478,MU2263,B7170,昆明/0945,/,西安
479,MU2264,B7170,西安/2100,/,昆明
480,MU2359,B6693,西宁/0705,/,昆明
481,MU2360,B6693,昆明/1020,/,西宁
482,MU2361,B9905,西安/1815,/,昆明
483,MU2362,B9905,昆明/2130,/,西安
484,MU2485,B5689,武汉/1200,/,昆明
485,MU2486,B5689,昆明/1525,/,武汉
486,MU2493,B1537,武汉/1955,/,昆明
487,MU2494,B1537,昆明/1120,/,武汉
488,MU2495,B5779,成都/0730,/,昆明
489,MU2496,B5779,昆明/1010,/,成都
490,MU2497,B1537,武汉/0755,/,昆明
491,MU2498,B1537,昆明/2320,/,武汉
492,MU2561,B5225,昆明/1405,/,琅勃
493,MU2562,B5225,琅勃/1630,/,昆明
494,MU2567,B5795,广州/0630,昆明/1030,曼德勒
495,MU2568,B5515,曼德勒/1730,昆明/2205,广州
496,MU2571,B5821,昆明/1605,/,加德
497,MU2572,B5807,加德/2020,/,昆明
498,MU2573,B6249,昆明/1430,/,万象
499,MU2574,B6249,万象/1715,昆明/2030,北京
500,MU2575,B5816,昆明/1505,/,河内
序号,航班号,机号,"起飞机场/
起飞时刻","经停机场/
起飞时刻",目的机场
501,MU2576,B5816,河内/1725,/,昆明
502,MU2581,B1907,昆明/1320,/,岘港
503,MU2582,B1907,岘港/1615,/,昆明
504,MU2585,B5270,昆明/1550,/,胡市
505,MU2586,B5270,胡市/2010,/,昆明
506,MU2587,B1789,北京/0855,昆明/1410,奈比多
507,MU2588,B1789,奈比多/1710,昆明/2025,北京
508,MU2589,B6147,昆明/0805,/,万象
509,MU2590,B6147,万象/1050,/,昆明
510,MU2591,B1860,昆明/0120,/,普吉
511,MU2593,B6148,昆明/1430,/,清迈
512,MU2594,B6148,清迈/1730,/,昆明
513,MU2595,B5515,昆明/0630,/,清迈
514,MU2596,B5515,清迈/0930,/,昆明
515,MU2599,B5820,昆明/1620,/,金边
516,MU2600,B5820,金边/2005,/,昆明
517,MU2705,B6456,南京/0730,昆明/1130,丽江
518,MU2706,B6456,丽江/1330,昆明/1535,南京
519,MU2715,B6637,长沙/1345,/,昆明
520,MU2716,B6637,昆明/1700,/,长沙
521,MU2725,B6756,南京/1225,/,昆明
522,MU2726,B6756,昆明/0830,/,南京
523,MU2735,B9950,长沙/1635,/,昆明
524,MU2736,B9950,昆明/1935,/,长沙
525,MU2745,B2410,长沙/1750,/,昆明
526,MU2746,B2410,昆明/2110,/,长沙
527,MU2755,B6463,南京/1705,昆明/2105,版纳
528,MU2756,B8017,版纳/0840,昆明/1040,南京
529,MU2765,B1636,南京/1835,/,昆明
530,MU2766,B1636,昆明/0735,/,南京
531,MU2785,B6756,南京/2130,/,昆明
532,MU2786,B6756,昆明/1630,/,南京
533,MU2975,B6638,无锡/1015,/,昆明
534,MU2976,B6638,昆明/1425,/,重庆
535,MU2985,B6893,重庆/1725,/,昆明
536,MU2986,B6893,昆明/2010,/,无锡
537,MU2995,B8496,重庆/2130,/,昆明
538,MU2996,B6893,昆明/0745,/,重庆
539,MU5077,B6558,合肥/1140,昆明/1610,曼谷
540,MU5078,B6558,曼谷/2050,昆明/0055,合肥
541,MU5094,B1612,昆明/0855,/,兰州
542,MU5145,B1981,太原/1820,/,昆明
序号,航班号,机号,"起飞机场/
起飞时刻","经停机场/
起飞时刻",目的机场
543,MU5146,B1775,昆明/2130,/,太原
544,MU5229,B1775,温州/1715,/,昆明
545,MU5230,B1981,昆明/2225,/,温州
546,MU5292,B5492,太原/1210,/,昆明
547,MU5299,B5492,昆明/1615,/,太原
548,MU5327,B2207,九华山/1135,/,昆明
549,MU5328,B2207,昆明/1620,/,九华山
550,MU5329,B6802,合肥/1500,/,昆明
551,MU5330,B6802,昆明/1840,/,合肥
552,MU5437,B6470,南充/1215,/,昆明
553,MU5438,B6470,昆明/1540,/,南充
554,MU5449,B6832,重庆/0650,/,昆明
555,MU5450,B6832,昆明/2205,/,重庆
556,MU5455,B1860,宁波/2000,/,昆明
557,MU5456,B1836,昆明/0930,/,宁波
558,MU5461,B5257,温州/1520,/,昆明
559,MU5462,B5257,昆明/1135,/,温州
560,MU5463,B6832,合肥/1750,/,昆明
561,MU5464,B6832,昆明/0935,/,合肥
562,MU5465,B9947,南昌/1240,/,昆明
563,MU5469,B6013,南昌/0720,/,昆明
564,MU5470,B6013,昆明/1050,/,南昌
565,MU5471,B6636,重庆/1750,/,昆明
566,MU5472,B6636,昆明/2050,/,重庆
567,MU5475,B1862,昆明/1200,/,合肥
568,MU5476,B1862,合肥/0755,/,昆明
569,MU5477,B8226,上海/2030,/,昆明
570,MU5497,B2337,青岛/0710,/,昆明
571,MU5498,B2337,昆明/1155,/,青岛
572,MU5505,B6009,福州/1150,/,昆明
573,MU5532,B9947,昆明/1610,/,南昌
574,MU5547,B2415,景德镇/1355,/,昆明
575,MU5548,B2415,昆明/1725,/,景德镇
576,MU555,B6001,杭州/1900,昆明/2335,加尔
577,MU556,B6758,昆明/0705,杭州/0300,昆明
578,MU5575,B6878,郑州/1430,/,昆明
579,MU5576,B6878,昆明/1825,/,郑州
580,MU5588,B6009,昆明/1605,/,福州
581,MU5617,B1865,南昌/1850,/,昆明
582,MU5618,B1865,昆明/2220,/,南昌
583,MU5645,B6805,杭州/1435,昆明/1855,版纳
584,MU5646,B6805,版纳/2050,昆明/2300,杭州
序号,航班号,机号,"起飞机场/
起飞时刻","经停机场/
起飞时刻",目的机场
585,MU5655,B6797,杭州/0735,/,昆明
586,MU5656,B6797,昆明/2115,/,杭州
587,MU5706,B5527,北京/1840,昆明/2325,版纳
588,MU5707,B5795,昆明/1600,/,北京
589,MU5708,B5795,北京/2040,/,昆明
590,MU5711,B5263,版纳/0900,昆明/1150,北京
591,MU5712,B6797,北京/1620,昆明/2135,芒市
592,MU5713,B7600,昆明/0830,/,北京
593,MU5714,B7600,北京/1310,昆明/1835,普洱
594,MU5715,B5293,芒市/1700,昆明/2010,北京
595,MU5716,B6148,北京/0805,/,昆明
596,MU5717,B6249,北京/0830,昆明/1345,腾冲
597,MU5718,B5817,普洱/1850,昆明/2100,北京
598,MU5719,B5255,丽江/1515,昆明/1720,北京
599,MU5720,B7599,北京/2155,/,昆明
600,MU5721,B5802,昆明/1235,/,黔江
601,MU5722,B5802,黔江/2250,/,昆明
602,MU5723,B5255,版纳/1120,昆明/1410,西安
603,MU5724,B1790,西安/1735,昆明/2135,版纳
604,MU5731,B6803,昆明/0800,/,广州
605,MU5732,B6803,广州/1115,昆明/1450,西昌
606,MU5733,B5276,丽江/2130,昆明/2315,广州
607,MU5734,B5822,广州/1740,昆明/2155,版纳
608,MU5737,B5821,大理/1330,昆明/1535,广州
609,MU5738,B6145,广州/1855,/,昆明
610,MU5739,B5054,昆明/1105,/,广州
611,MU5740,B1788,广州/0735,昆明/1150,大理
612,MU5741,B5267,版纳/1015,昆明/1305,广州
613,MU5742,B7590,广州/1620,昆明/1955,保山
614,MU5743,B5256,保山/1055,昆明/1335,广州
615,MU5744,B6249,广州/1655,昆明/2115,丽江
616,MU5745,B6757,昆明/1850,/,三亚
617,MU5746,B6757,三亚/2210,/,昆明
618,MU5747,B5816,版纳/0730,昆明/0945,天津
619,MU5748,B6757,天津/1405,昆明/1900,版纳
620,MU5749,B6147,昆明/1315,/,长沙
621,MU5750,B6147,长沙/2210,/,昆明
622,MU5757,B5816,芒市/1115,昆明/1400,深圳
623,MU5758,B1792,深圳/1720,/,昆明
624,MU5759,B1791,昆明/1000,/,深圳
625,MU5760,B1791,深圳/1320,昆明/1705,大理
626,MU5763,B5282,大理/1815,昆明/2200,深圳
序号,航班号,机号,"起飞机场/
起飞时刻","经停机场/
起飞时刻",目的机场
627,MU5764,B1792,深圳/0655,昆明/1210,芒市
628,MU5771,B5231,西昌/1705,昆明/1850,广州
629,MU5772,B1703,广州/2210,/,昆明
630,MU5775,B6149,昆明/0840,/,广州
631,MU5776,B6149,广州/1205,/,昆明
632,MU5781,B1788,昆明/1635,/,厦门
633,MU5782,B1788,厦门/2015,/,昆明
634,MU5785,B5267,昆明/1325,/,零陵
635,MU5786,B5267,零陵/2150,/,昆明
636,MU5799,B5295,昆明/0845,/,洛阳
637,MU5800,B5295,洛阳/1745,/,昆明
638,MU5801,B7599,昆明/0800,/,上海
639,MU5802,B7599,上海/1235,昆明/1715,腾冲
640,MU5803,B6141,腾冲/1555,昆明/2020,上海
641,MU5804,B5242,上海/1945,/,昆明
642,MU5809,B6803,昆明/1455,/,上海
643,MU5810,B6803,上海/1910,/,昆明
644,MU5811,B5822,迪庆/0950,/,昆明
645,MU5812,B5817,昆明/2050,/,迪庆
646,MU5813,B1791,昆明/1730,/,上海
647,MU5814,B1791,上海/2200,/,昆明
648,MU5817,B5647,昆明/0935,/,兴义
649,MU5818,B5647,兴义/1925,/,昆明
650,MU5821,B5796,昆明/0820,/,东胜
651,MU5822,B5796,东胜/1920,/,昆明
652,MU5823,B6146,昆明/1735,/,郑州
653,MU5824,B6146,郑州/2125,/,昆明
654,MU5829,B7589,昆明/0820,/,郑州
655,MU5830,B7589,郑州/1220,/,昆明
656,MU5831,B7591,昆明/1215,/,郑州
657,MU5832,B7591,郑州/1600,/,昆明
658,MU5839,B7589,昆明/1600,/,郑州
659,MU5840,B7589,郑州/1940,/,昆明
660,MU5841,B5527,昆明/0800,/,成都
661,MU5842,B5527,成都/1050,/,昆明
662,MU5843,B1788,昆明/1100,/,成都
663,MU5844,B1788,成都/1350,/,昆明
664,MU5845,B5822,昆明/0900,/,成都
665,MU5846,B6142,成都/2210,/,昆明
666,MU5847,B7590,昆明/1955,/,成都
667,MU5848,B7590,成都/2245,/,昆明
668,MU5849,B6147,昆明/1630,/,成都
序号,航班号,机号,"起飞机场/
起飞时刻","经停机场/
起飞时刻",目的机场
669,MU5850,B6147,成都/1905,/,昆明
670,MU5851,B5821,昆明/1000,/,成都
671,MU5852,B1791,成都/0710,/,昆明
672,MU5853,B7600,昆明/1800,/,成都
673,MU5854,B7600,成都/2050,/,昆明
674,MU5855,B7591,昆明/2050,/,成都
675,MU5856,B5817,成都/1405,/,昆明
676,MU5861,B1790,昆明/0805,/,重庆
677,MU5862,B1790,重庆/1055,/,昆明
678,MU5869,B2640,昆明/0800,/,宜宾
679,MU5870,B2640,宜宾/1815,/,昆明
680,MU587V,B2503,宜宾/1200,/,昆明
681,MU5881,B5242,昆明/1425,/,铜仁
682,MU5882,B5263,铜仁/1135,/,昆明
683,MU5883,B5255,昆明/1745,/,湛江
684,MU5884,B5255,湛江/2030,/,昆明
685,MU5885,B5819,昆明/0840,/,湛江
686,MU5886,B5819,湛江/1105,/,昆明
687,MU5891,B5270,昆明/0755,/,普洱
688,MU5892,B5270,普洱/0930,/,昆明
689,MU5893,B5231,昆明/1010,/,普洱
690,MU5894,B5231,普洱/1200,/,昆明
691,MU5897,B5817,昆明/1710,/,普洱
692,MU5898,B6142,普洱/2020,/,昆明
693,MU5901,B5267,昆明/0820,/,版纳
694,MU5902,B5828,版纳/2330,/,昆明
695,MU5903,B5255,昆明/0920,/,版纳
696,MU5911,B5231,昆明/2210,/,版纳
697,MU5912,B5231,版纳/2355,/,昆明
698,MU5913,B5822,版纳/2345,/,昆明
699,MU5914,B5225,版纳/2120,/,昆明
700,MU5915,B5282,昆明/2135,/,版纳
701,MU5916,B5282,版纳/2330,/,昆明
702,MU5919,B5255,昆明/1315,/,丽江
703,MU5920,B5816,昆明/2205,/,丽江
704,MU5921,B5243,昆明/0705,/,丽江
705,MU5922,B5816,丽江/2350,/,昆明
706,MU5927,B5259,昆明/1020,/,文山
707,MU5928,B5259,文山/1155,/,昆明
708,MU5929,B2503,昆明/1950,/,文山
709,MU5930,B2503,文山/2150,/,昆明
710,MU5931,B5822,昆明/0755,/,迪庆
序号,航班号,机号,"起飞机场/
起飞时刻","经停机场/
起飞时刻",目的机场
711,MU5932,B5817,迪庆/2235,/,昆明
712,MU5935,B6142,昆明/1755,/,迪庆
713,MU5936,B5822,迪庆/1415,/,昆明
714,MU5939,B6142,昆明/0900,/,迪庆
715,MU5940,B6142,迪庆/1620,/,昆明
716,MU5941,B5282,昆明/0810,/,大理
717,MU5942,B6141,大理/1130,/,昆明
718,MU5943,B5265,昆明/0740,/,大理
719,MU5944,B5265,大理/1750,/,昆明
720,MU5952,B5828,腾冲/1855,/,昆明
721,MU5957,B5809,昆明/0935,/,临沧
722,MU5958,B5809,临沧/1130,/,昆明
723,MU5959,B2503,昆明/1625,/,临沧
724,MU5960,B2503,临沧/1755,/,昆明
725,MU5961,B5245,昆明/0810,/,临沧
726,MU5962,B5245,临沧/0945,/,昆明
727,MU5965,B5807,昆明/1125,/,沧源
728,MU5966,B5807,沧源/1305,/,昆明
729,MU5967,B5809,昆明/1340,/,临沧
730,MU5968,B5809,临沧/1545,/,昆明
731,MU5969,B5231,昆明/1850,/,昭通
732,MU5970,B5231,昭通/2030,/,昆明
733,MU5971,B5816,昆明/0925,/,芒市
734,MU5972,B5054,芒市/2315,/,昆明
735,MU5973,B5225,昆明/1025,/,芒市
736,MU5974,B5225,芒市/1215,/,昆明
737,MU5975,B5263,昆明/1400,/,芒市
738,MU5976,B5271,芒市/1545,/,昆明
739,MU5981,B5245,昆明/1300,/,保山
740,MU5982,B5245,保山/1435,/,昆明
741,MU5985,B5256,昆明/0900,/,保山
742,MU5986,B5293,保山/2200,/,昆明
743,MU5987,B5242,昆明/0815,/,保山
744,MU5988,B5242,保山/1000,/,昆明
745,MU5989,B5271,昆明/1125,/,昭通
746,MU5990,B5263,昭通/1730,/,昆明
747,MU713,B6149,昆明/1550,/,科伦坡
748,MU714,B6149,科伦坡/0315,/,昆明
749,MU733,B5756,昆明/1340,/,香港
750,MU734,B5756,香港/1705,/,昆明
751,MU741,B5256,昆明/1300,/,曼谷
752,MU742,B5256,曼谷/1645,/,昆明
序号,航班号,机号,"起飞机场/
起飞时刻","经停机场/
起飞时刻",目的机场
753,MU747,B1702,昆明/0750,/,上海
754,MU748,B1702,上海/2105,/,昆明
755,MU755,B5930,上海/1025,昆明/1520,迪拜
756,MU756,B5930,迪拜/0030,/,昆明
757,MU757,B5259,昆明/1425,/,加德
758,MU758,B5259,加德/1850,/,昆明
759,MU767,B5903,昆明/0825,/,青岛
760,MU774,B5921,戴高乐/2050,/,昆明
761,MU778,B5926,悉尼/1850,/,昆明
762,MU783,B1703,昆明/0830,/,南宁
763,MU784,B1703,南宁/1600,/,昆明
764,MU9715,B5701,昆明/1520,/,武汉
765,MU9716,B5701,武汉/1845,/,昆明
766,MU9731,B5820,长沙/1200,昆明/1515,拉萨
767,MU9732,B5819,拉萨/1855,昆明/2225,长沙
768,MU9737,B5054,芒市/1805,昆明/2110,天津
769,MU9738,B6145,天津/0935,昆明/1505,芒市
770,MU9741,B5809,昆明/1730,/,保山
771,MU9742,B5293,保山/1110,/,昆明
772,MU9751,B5527,昆明/1400,/,北京
773,MU9755,B5802,昆明/0830,/,保山
774,MU9756,B5802,保山/1025,/,昆明
775,NS3269,B5215,石家庄/1615,/,昆明
776,NS3270,B5215,昆明/2025,/,石家庄
777,OQ2327,B9976,重庆/0715,/,昆明
778,OQ2328,B9976,昆明/0950,/,重庆
779,OQ2357,B9976,重庆/1925,/,昆明
780,OQ2358,B9976,昆明/2200,/,重庆
781,QV815,,万象/0720,/,昆明
782,QV816,,昆明/1040,/,万象
783,SC4695,B5526,南京/0940,/,昆明
784,SC4696,B5526,昆明/1340,/,南京
785,SC4719,B5347,重庆/1955,/,昆明
786,SC4720,B5347,昆明/2235,/,重庆
787,SC4737,B7975,青岛/1630,/,昆明
788,SC4738,B7975,昆明/2055,/,青岛
789,SC4769,B1983,厦门/0710,/,昆明
790,SC4770,B1983,昆明/1120,/,厦门
791,SC4859,B7976,青岛/2120,/,昆明
792,SC4860,B7978,昆明/0655,/,青岛
793,SC4873,B5117,济南/0850,/,昆明
794,SC4874,B5117,昆明/1250,/,济南
序号,航班号,机号,"起飞机场/
起飞时刻","经停机场/
起飞时刻",目的机场
795,SC4925,B7805,济南/2145,/,昆明
796,SC4926,B7805,昆明/0650,/,济南
797,SC8843,B7808,昆明/0650,/,济南
798,SC8844,B7808,济南/2050,/,昆明
799,SC8885,B1745,乌鲁/1920,昆明/0100,曼谷
800,SC8886,B7087,曼谷/0405,昆明/0725,乌鲁
801,TG612,,曼谷/1055,/,昆明
802,TG613,,昆明/1520,/,曼谷
803,TV6007,B8419,丽江/1045,/,昆明
804,TV6008,B8419,昆明/1320,/,丽江
805,TV9819,B6467,昆明/1445,/,芒市
806,TV9820,B6467,芒市/1645,/,昆明
807,TV9893,B6467,拉萨/1100,/,昆明
808,TV9894,B6467,昆明/2015,/,拉萨
809,UO3273,,香港/1845,/,昆明
810,UO3274,,昆明/0805,/,香港
811,ZH9265,B6565,西安/0835,/,昆明
812,ZH9266,B6565,昆明/1245,/,西安
813,ZH9411,B6938,深圳/0710,/,昆明
814,ZH9412,B6938,昆明/1100,/,深圳
815,ZH9413,B5771,深圳/1405,/,昆明
816,ZH9414,B5771,昆明/1730,/,深圳
817,ZH9415,B5771,深圳/2005,/,昆明
818,ZH9416,B5360,昆明/0845,/,深圳
819,ZH9451,B5361,广州/2005,/,昆明
820,ZH9452,B5772,昆明/0905,/,广州
821,ZH9453,B6297,广州/1335,/,昆明
822,ZH9454,B6297,昆明/1710,/,广州
823,ZH9455,B8413,广州/1850,/,昆明
824,ZH9456,B8413,昆明/2245,/,广州
825,ZH9531,B5773,无锡/1510,/,昆明
826,ZH9532,B5773,昆明/1920,/,无锡
827,ZH9533,B1602,无锡/1105,/,昆明
828,ZH9534,B1602,昆明/1510,/,无锡
829,ZH9561,B5400,南京/0820,/,昆明
830,ZH9562,B5400,昆明/1210,/,南京
831,ZH9713,B6550,昆明/1005,/,太原
832,ZH9714,B6377,太原/2020,/,昆明
833,ZH9773,B6780,南昌/0955,/,昆明
834,ZH9774,B6780,昆明/1330,/,南昌
835,ZH9790,B6740,昆明/0905,/,泉州
836,ZH9793,B1841,泉州/1000,/,昆明
序号,航班号,机号,"起飞机场/
起飞时刻","经停机场/
起飞时刻",目的机场
837,ZH9794,B1841,昆明/1340,/,泉州
